n,k_first,n_test,ols_ar1_failures,mse_ols_ar1,mse_timesfm
100,11,89,0,1.2545192132576712,1.3062295099892511
