p_dgp,n_test,ar_fit_failures,mse_ar,mse_timesfm
2,89,0,0.631848155614962,0.6556768274277405
5,89,0,1.1179685360148188,0.9847999186280855
