q_dgp,n_test,ma_fit_failures,mse_ma,mse_timesfm
2,89,0,0.6235311076033154,0.6798925961230655
5,89,0,1.1821670483423796,1.0899876543335185
